Beach,Mentor ,Type,Season,Date,Month,Meso Fragmented Plastic,Macro Fragmented Plastic,Total Fragmented Plastic,Meso Plastic Products,Macro Plastic Products,Total Plastic Products,Meso Food Wrappers,Macro Food Wrappers,Total Food Wrappers,Meso Styrofoam,Macro Styrofoam,Total Styrofoam,Meso Cigarette Butts,Macro Cigarette Butts,Total Cigarette Butts,Meso Paper/ Treated Wood,Macro Paper/ Treated Wood,Total Paper/ Treated Wood,Meso Metal,Macro Metal,Total Metal,Meso Glass,Macro Glass,Total Glass,Meso Fabric,Macro Fabric,Total Fabric,Meso Fetilizer Pellets,Macro Fetilizer Pellets,Total Fetilizer Pellets,Meso Fishing Gear,Macro Fishing Gear,Total Fishing Gear,Meso Rubber,Macro Rubber,Total Rubber,Meso Other,Macro Other,Total Other,Total Meso Debris,Total Macro Debris,TOTAL DEBRIS,Accumlation (Items/m²),Abundance (Items/m²),Notes ,Data Notes,KEY:,
Del Monte,Karolina,U,Winter,1/13/2019,January,3,0,3,0,1,1,0,0,0,0,0,0,0,0,0,0,1,1,0,0,0,0,0,0,0,1,1,0,0,0,0,0,0,0,0,0,0,0,0,3,3,6,1.5,0.25,,,tan,still waiting on data
Main Beach,Amber,U,Winter,1/13/2019,January,1,0,1,0,0,0,0,0,0,2,0,2,0,0,0,0,0,0,0,0,0,0,0,0,0,0,0,0,0,0,0,0,0,0,0,0,0,0,0,3,0,3,0.75,0.125,,,yellow,messed up
Marina,Gabby,U,Winter,1/13/2019,January,1,0,1,0,0,0,0,0,0,1,0,1,0,0,0,0,0,0,1,0,1,0,0,0,0,0,0,0,0,0,0,0,0,0,0,0,0,0,0,3,0,3,0.75,0.125,,,,
Natural Bridges,Jack,U,Winter,1/13/2019,January,0,0,0,1,0,1,2,0,2,0,0,0,1,0,1,0,0,0,0,0,0,0,0,0,0,0,0,0,0,0,0,0,0,0,0,0,0,0,0,4,0,4,1,0.166666667,,,,
Seabright,Alma,U,Winter,1/13/2019,January,2,2,4,0,0,0,0,1,1,1,0,1,0,0,0,0,0,0,0,0,0,1,0,1,1,0,1,0,0,0,0,0,0,0,0,0,0,0,0,5,3,8,2,0.333333333,,,red,survey did not get done
Seaside,Andrew,U,Winter,1/13/2019,January,1,0,1,0,1,1,0,0,0,0,0,0,0,0,0,0,0,0,0,0,0,4,2,6,0,0,0,0,0,0,0,0,0,0,0,0,0,1,1,5,4,9,2.25,0.375,,,,
Sunset,Sally,R,Winter,1/13/2019,January,47,3,50,1,2,3,0,0,0,23,0,23,0,0,0,0,0,0,0,0,0,0,0,0,0,0,0,0,0,0,0,0,0,0,0,0,1,0,1,72,5,77,19.25,3.208333333,,,,
Waddell,Xena,R,Winter,1/13/2019,January,0,0,0,0,0,0,0,0,0,0,0,0,0,0,0,0,0,0,0,1,1,0,0,0,0,0,0,0,0,0,0,0,0,0,0,0,0,0,0,0,1,1,0.25,0.041666667,,,,
Zmudowski South,Lexi & Zina,R,Winter,1/13/2019,January,7,6,13,0,0,0,0,0,0,1,0,1,0,0,0,0,0,0,1,3,4,3,1,4,0,0,0,0,0,0,0,0,0,0,0,0,1,0,1,13,10,23,5.75,0.958333333,,,,
Zmudowski North,Amber & Karolina,R,Winter,1/28/2019,January,4,3,7,0,0,0,0,0,0,14,9,23,0,0,0,0,0,0,0,1,1,0,0,0,0,0,0,1,0,1,0,0,0,0,0,0,0,0,0,19,13,32,8,1.333333333,,,,
Waddell,Amber,R,Winter,2/9/2019,February,2,2,4,0,1,1,0,0,0,0,0,0,0,0,0,0,0,0,0,0,0,0,0,0,0,0,0,0,0,0,0,0,0,0,0,0,0,0,0,2,3,5,1.25,0.208333333,,,,
Capitola,Draven,U,Winter,2/10/2019,February,2,0,2,0,0,0,0,0,0,0,0,0,0,0,0,0,0,0,0,0,0,0,0,0,0,0,0,0,0,0,0,0,0,0,0,0,0,0,0,2,0,2,0.5,0.083333333,,,,
Live Oak,Gabby,U,Winter,2/10/2019,February,15,17,32,0,1,1,0,0,0,54,1,55,0,0,0,0,0,0,0,0,0,0,0,0,0,0,0,0,0,0,0,0,0,0,0,0,0,0,0,69,19,88,22,3.666666667,,,,
Main Beach,Lexi ,U,Winter,2/10/2019,February,0,0,0,0,0,0,0,0,0,0,0,0,1,0,1,0,0,0,0,0,0,0,0,0,0,0,0,0,0,0,0,0,0,1,0,1,0,0,0,2,0,2,0.5,0.083333333,Did wrong side of pier,,,
Marina,Zina,U,Winter,2/10/2019,February,0,1,1,0,0,0,0,1,1,0,5,5,0,0,0,0,0,0,0,0,0,0,0,0,0,0,0,0,0,0,0,0,0,0,0,0,0,0,0,0,7,7,1.75,0.291666667,,,,
Natural Bridges,Karolina,U,Winter,2/10/2019,February,8,0,8,0,0,0,0,0,0,1,0,1,0,0,0,0,0,0,0,0,0,0,0,0,0,0,0,0,0,0,0,0,0,0,0,0,0,0,0,9,0,9,2.25,0.375,,,,
Seabright,Andrew,U,Winter,2/10/2019,February,0,2,2,0,0,0,0,1,1,0,0,0,0,0,0,0,0,0,0,0,0,0,0,0,0,2,2,0,0,0,0,0,0,0,0,0,0,0,0,0,5,5,1.25,0.208333333,,,,
Seaside,Sally,U,Winter,2/10/2019,February,1,0,1,0,0,0,0,0,0,0,0,0,0,1,1,1,5,6,0,0,0,0,0,0,0,0,0,0,0,0,0,0,0,0,0,0,0,0,0,2,6,8,2,0.333333333,,,,
Sunset,Alma,R,Winter,2/10/2019,February,75,1,76,0,0,0,0,0,0,14,6,20,0,0,0,0,0,0,0,0,0,0,0,0,0,0,0,0,0,0,0,0,0,0,0,0,0,0,0,89,7,96,24,4,,,,
Zmudowski North,Jack,R,Winter,2/10/2019,February,0,0,0,1,4,5,0,0,0,1,1,2,0,1,1,0,0,0,0,0,0,0,0,0,0,0,0,0,0,0,0,1,1,0,0,0,0,0,0,2,7,9,2.25,0.375,,,,
Zmudowski South,Xena,R,Winter,2/10/2019,February,0,0,0,0,0,0,0,0,0,0,0,0,0,0,0,0,0,0,0,0,0,0,0,0,0,0,0,0,0,0,0,0,0,0,0,0,0,0,0,0,0,0,0,0,,,,
Del Monte,Amber,U,Winter,3/2/2019,March,0,4,4,0,1,1,0,0,0,3,0,3,3,0,3,0,0,0,0,1,1,0,0,0,0,0,0,0,0,0,0,0,0,0,0,0,0,0,0,6,6,12,3,0.5,,,,
Capitola,Lexi,U,Winter,3/3/2019,March,1,0,1,0,0,0,0,0,0,0,0,0,0,0,0,0,0,0,0,0,0,0,0,0,0,0,0,0,0,0,0,0,0,0,0,0,0,0,0,1,0,1,0.25,0.041666667,,,,
Live Oak,Zina,U,Winter,3/3/2019,March,0,0,0,0,0,0,0,0,0,0,0,0,0,0,0,0,0,0,0,0,0,0,0,0,0,0,0,0,0,0,0,0,0,0,0,0,0,0,0,0,0,0,0,0,,,,
Main Beach,Xena,U,Winter,3/3/2019,March,8,0,8,0,0,0,0,0,0,0,0,0,0,0,0,0,0,0,0,0,0,0,0,0,0,0,0,0,0,0,0,0,0,0,0,0,0,0,0,8,0,8,2,0.333333333,,,,
Marina,Alma,U,Winter,3/3/2019,March,0,1,1,0,1,1,0,0,0,3,1,4,0,0,0,0,0,0,0,0,0,0,0,0,0,0,0,0,0,0,0,0,0,0,1,1,0,0,0,3,4,7,1.75,0.291666667,,,,
Seabright,Brent,U,Winter,3/3/2019,March,4,1,5,0,0,0,0,0,0,3,0,3,0,0,0,0,1,1,0,0,0,1,0,1,1,2,3,0,0,0,0,0,0,0,0,0,0,0,0,9,4,13,3.25,0.541666667,,,,
Natural Bridges,Sally,U,Winter,3/10/2019,March,1,1,2,0,0,0,0,0,0,0,0,0,0,0,0,0,0,0,0,0,0,0,0,0,0,0,0,0,0,0,0,0,0,0,1,1,0,0,0,1,2,3,0.75,0.125,,,,
Waddell,Karolina,R,Winter,3/10/2019,March,1,0,1,0,0,0,0,0,0,2,0,2,0,0,0,0,0,0,0,0,0,0,0,0,0,0,0,0,0,0,0,0,0,0,0,0,0,0,0,3,0,3,0.75,0.125,,,,
Seaside,Jack,U,Winter,3/11/2019,March,26,4,30,6,1,7,0,0,0,17,1,18,2,0,2,0,2,2,0,0,0,2,2,4,0,0,0,1,0,1,0,0,0,0,0,0,10,2,12,64,12,76,19,3.166666667,,,,
Sunset,Gabby,R,Winter,3/23/2019,March,1,0,1,0,0,0,0,0,0,1,0,1,0,0,0,0,0,0,0,0,0,0,0,0,0,0,0,0,0,0,0,0,0,0,0,0,0,0,0,2,0,2,0.5,0.083333333,,,,
Zmudowski South,TRAINING,R,Spring,4/6/2019,April,0,0,0,0,2,2,0,0,0,6,1,7,0,1,1,1,0,1,0,0,0,0,0,0,0,0,0,0,0,0,0,0,0,0,0,0,0,0,0,7,4,11,2.75,0.458333333,,,,
Live Oak,Amber,U,Spring,4/7/2019,April,0,1,1,0,0,0,0,0,0,4,0,4,0,3,3,0,1,1,0,0,0,0,0,0,0,1,1,0,0,0,0,0,0,0,0,0,0,0,0,4,6,10,2.5,0.416666667,,,,
Capitola,Elise,U,Spring,4/14/2019,April,0,1,1,0,1,1,0,0,0,0,0,0,0,0,0,0,0,0,0,0,0,0,1,1,0,0,0,0,0,0,0,0,0,0,0,0,0,0,0,0,3,3,0.75,0.125,,,,
Del Monte,Andrew,U,Spring,4/14/2019,April,0,0,0,0,0,0,0,0,0,0,0,0,0,0,0,0,0,0,0,0,0,0,0,0,0,0,0,0,0,0,0,0,0,0,0,0,1,0,1,1,0,1,0.25,0.041666667,Other = tar,,,
Main Beach,Karolina,U,Spring,4/14/2019,April,0,0,0,0,2,2,0,0,0,0,0,0,0,1,1,0,1,1,0,0,0,0,0,0,0,0,0,0,0,0,0,0,0,0,0,0,0,0,0,0,4,4,1,0.166666667,,,,
Marina,Xena,U,Spring,4/14/2019,April,0,0,0,0,0,0,0,0,0,0,1,1,0,0,0,0,0,0,0,1,1,0,0,0,0,0,0,0,0,0,0,0,0,0,0,0,0,0,0,0,2,2,0.5,0.083333333,,,,
Natural Bridges,Alma,U,Spring,4/14/2019,April,2,0,2,0,0,0,0,0,0,0,0,0,0,0,0,0,0,0,0,0,0,0,0,0,0,0,0,0,0,0,0,0,0,0,0,0,0,0,0,2,0,2,0.5,0.083333333,,,,
Seabright,Brent,U,Spring,4/14/2019,April,0,2,2,0,0,0,0,0,0,2,0,2,0,0,0,0,0,0,0,0,0,0,0,0,0,0,0,0,0,0,0,0,0,0,0,0,0,1,1,2,3,5,1.25,0.208333333,,,,
Sunset,Zina,R,Spring,4/14/2019,April,0,0,0,0,4,4,0,1,1,2,0,2,0,0,0,0,0,0,,0,0,0,0,0,0,0,0,0,0,0,0,0,0,0,0,0,0,0,0,2,5,7,1.75,0.291666667,,,,
Waddell,Jack,R,Spring,4/14/2019,April,0,0,0,0,0,0,0,0,0,0,0,0,0,0,0,0,0,0,0,0,0,0,0,0,0,0,0,0,0,0,0,0,0,0,0,0,0,0,0,0,0,0,0,0,,,,
Zmudowski North,Gabby,R,Spring,4/14/2019,April,0,0,0,0,0,0,0,0,0,0,0,0,0,0,0,0,0,0,0,0,0,0,0,0,0,0,0,0,0,0,0,0,0,0,0,0,0,0,0,0,0,0,0,0,,,,
Seaside,Karolina,U,Spring,5/5/2019,May,1,0,1,0,0,0,0,0,0,0,0,0,0,0,0,0,0,0,0,0,0,1,0,1,0,0,0,0,0,0,0,0,0,0,0,0,0,0,0,2,0,2,0.5,0.083333333,,,,
Del Monte,Xena,U,Spring,5/11/2019,May,0,0,0,0,0,0,0,0,0,0,0,0,0,0,0,0,0,0,0,0,0,3,0,3,1,0,1,0,0,0,0,0,0,0,0,0,0,0,0,4,0,4,1,0.166666667,,,,
Marina,Gabby,U,Spring,5/11/2019,May,0,0,0,0,0,0,0,0,0,0,0,0,0,0,0,0,0,0,0,0,0,0,0,0,0,0,0,0,0,0,0,0,0,0,0,0,0,0,0,0,0,0,0,0,,,,
Zmudowski South,Jack,R,Spring,5/11/2019,May,1,1,2,0,0,0,0,0,0,0,1,1,0,0,0,0,0,0,0,1,1,0,0,0,0,0,0,0,0,0,0,0,0,0,0,0,0,0,0,1,3,4,1,0.166666667,,,,
Capitola,Brent,U,Spring,5/12/2019,May,0,1,1,0,0,0,0,1,1,0,0,0,0,0,0,0,0,0,0,0,0,0,0,0,0,0,0,0,0,0,0,0,0,0,0,0,1,0,1,1,2,3,0.75,0.125,,,,
Main Beach,Zina,U,Spring,5/12/2019,May,0,0,0,0,0,0,0,0,0,0,0,0,0,0,0,0,0,0,0,0,0,0,0,0,0,0,0,0,0,0,0,0,0,0,0,0,0,0,0,0,0,0,0,0,,,,
Sunset,Elise,R,Spring,5/12/2019,May,1,0,1,0,0,0,0,0,0,0,0,0,0,0,0,0,0,0,0,0,0,0,0,0,0,0,0,0,0,0,0,0,0,0,0,0,0,0,0,1,0,1,0.25,0.041666667,,,,
Waddell,Amber,R,Spring,5/12/2019,May,0,0,0,0,0,0,0,0,0,0,0,0,0,0,0,0,0,0,0,0,0,0,0,0,0,0,0,0,0,0,0,0,0,0,0,0,0,0,0,0,0,0,0,0,,,,
Zmudowski North,Andrew,R,Spring,5/12/2019,May,0,0,0,0,0,0,0,0,0,1,0,1,0,0,0,0,0,0,0,1,1,0,0,0,0,0,0,0,0,0,0,0,0,0,0,0,0,0,0,1,1,2,0.5,0.083333333,,,,
Live Oak,Sally,U,Spring,5/19/2019,May,0,0,0,0,0,0,0,0,0,0,0,0,0,0,0,0,8,8,0,0,0,0,0,0,0,0,0,0,0,0,0,0,0,0,0,0,0,0,0,0,8,8,2,0.333333333,,,,
Seabright,Alma,U,Spring,5/19/2019,May,4,6,10,0,0,0,0,0,0,1,1,2,0,0,0,0,0,0,0,0,0,0,0,0,0,1,1,0,0,0,0,0,0,0,0,0,7,0,7,12,8,20,5,0.833333333,other = wax,,,
Natural Bridges,"Karolina, Amber & Gabby",U,Spring,5/20/2019,May,1,0,1,0,3,3,0,0,0,2,0,2,0,0,0,0,0,0,0,0,0,0,1,1,0,0,0,0,0,0,0,0,0,0,0,0,0,0,0,3,4,7,1.75,0.291666667,,,,
Live Oak,Gabby,U,Spring,6/1/2019,June,0,0,0,0,0,0,0,0,0,0,0,0,0,0,0,0,0,0,0,0,0,0,0,0,0,0,0,0,0,0,0,0,,0,0,0,0,0,0,0,0,0,0,0,,,,
Seabright,Xena//Training ,U,Spring,6/1/2019,June,0,0.5,0.5,0.5,1,1.5,0,0,0,0,0.5,0.5,0.5,0,0.5,0.5,0,0.5,0,0,0,0,0,0,0,0,0,0,0,0,0,0,0,0,0,0,0,0,0,1.5,2,3.5,0.875,0.145833333,,Combined between 2 surveys,,
Seaside,Jack,U,Spring,6/1/2019,June,0,0,0,0,0,0,0,0,0,0,0,0,0,0,0,0,0,0,0,0,0,0,0,0,1,0,1,0,0,0,0,0,0,0,0,0,0,0,0,1,0,1,0.25,0.041666667,,,,
Capitola,Andrew,U,Spring,6/2/2019,June,0,3,3,0,0,0,0,0,0,0,0,0,0,0,0,0,0,0,0,0,0,0,0,0,0,0,0,0,0,0,0,0,0,0,0,0,0,0,0,0,3,3,0.75,0.125,,,,
Del Monte,Zina,U,Spring,6/2/2019,June,0,3,3,0,0,0,0,2,2,0,0,0,0,0,0,0,4,4,0,0,0,0,0,0,0,0,0,0,0,0,0,0,0,0,0,0,0,0,0,0,9,9,2.25,0.375,,,,
Natural Bridges,Sally,U,Spring,6/2/2019,June,1,2,3,0,0,0,0,1,1,0,1,1,0,0,0,0,1,1,0,0,0,0,0,0,0,0,0,0,0,0,0,0,0,0,0,0,0,0,0,1,5,6,1.5,0.25,,,,
Sunset,Amber,R,Spring,6/2/2019,June,0,0,0,0,0,0,0,0,0,0,0,0,0,0,0,0,0,0,0,0,0,0,0,0,0,0,0,0,0,0,0,0,0,0,1,1,0,0,0,0,1,1,0.25,0.041666667,,,,
Zmudowski South,Karolina,R,Spring,6/2/2019,June,1,0,1,0,2,2,0,0,0,0,0,0,0,0,0,0,0,0,0,0,0,0,0,0,0,0,0,0,0,0,0,0,0,0,0,0,0,0,0,1,2,3,0.75,0.125,,,,
Waddell,"Karolina, Amber & Alma",R,Spring,6/3/2019,June,5,0,5,0,1,1,0,0,0,1,0,1,0,0,0,0,0,0,0,0,0,0,0,0,0,0,0,0,0,0,0,0,0,0,0,0,0,0,0,6,1,7,1.75,0.291666667,,,,
Zmudowski North,Brent,R,Spring,6/3/2019,June,0,0,0,0,0,0,0,0,0,0,0,0,0,0,0,0,0,0,0,0,0,0,0,0,0,0,0,0,0,0,0,0,0,0,0,0,0,0,0,0,0,0,0,0,,,,
Main Beach,"Karolina, Amber & Gabby",U,Spring,6/5/2019,June,0,0,0,0,0,0,0,0,0,0,0,0,0,1,1,0,0,0,0,0,0,0,0,0,0,1,1,0,0,0,0,0,0,0,0,0,0,1,1,0,3,3,0.75,0.125,,,,
Main Beach,Training,U,Summer,7/6/2019,July,3,0,3,1,1,2,0,1,1,0,0,0,0,0,0,1,1,2,0,0,0,0,0,0,0,0,0,0,0,0,0,0,0,0,0,0,0,0,0,5,3,8,2,0.333333333,,,,
Del Monte,Ana,U,Summer,7/7/2019,July,0,0,0,0,0,0,0,0,0,0,0,0,0,0,0,0,0,0,0,0,0,0,0,0,0,0,0,0,0,0,0,0,0,0,0,0,0,0,0,0,0,0,0,0,,,,
Marina,Alma,U,Summer,7/7/2019,July,0,0,0,1,0,1,0,0,0,0,0,0,1,1,2,0,1,1,0,0,0,1,0,1,0,0,0,0,0,0,0,0,0,0,0,0,0,0,0,3,2,5,1.25,0.208333333,,,,
Seaside,Draven,U,Summer,7/7/2019,July,0,0,0,0,0,0,0,0,0,0,0,0,0,0,0,0,0,0,0,0,0,0,0,0,0,0,0,0,0,0,0,0,0,0,0,0,0,0,0,0,0,0,0,0,,,,
Sunset,Christina,R,Summer,7/7/2019,July,0,0,0,0,0,0,0,0,0,0,0,0,0,0,0,0,0,0,0,0,0,0,0,0,0,0,0,0,0,0,0,0,0,0,0,0,0,0,0,0,0,0,0,0,,,,
Zmudowski North,Amber,R,Summer,7/7/2019,July,0,3,3,0,1,1,0,0,0,0,0,0,0,0,0,0,0,0,0,0,0,0,0,0,0,0,0,0,0,0,0,0,0,0,1,1,0,0,0,0,5,5,1.25,0.208333333,,,,
Zmudowski South,Gabby,R,Summer,7/7/2019,July,0,0,0,0,0,0,0,0,0,2,1,3,0,0,0,0,3,3,0,0,0,0,0,0,0,0,0,0,0,0,0,1,1,0,0,0,0,0,0,2,5,7,1.75,0.291666667,,,,
Capitola,Andrew,U,Summer,7/14/2019,July,0,0,0,0,0,0,0,0,0,0,0,0,0,0,0,0,1,1,0,2,2,0,0,0,0,0,0,0,0,0,0,0,0,0,0,0,0,0,0,0,3,3,0.75,0.125,,,,
Live Oak,Amber,U,Summer,7/21/2019,July,0,0,0,0,1,1,0,0,0,0,0,0,0,1,1,0,0,0,0,0,0,0,0,0,1,0,1,0,0,0,0,0,0,0,0,0,0,0,0,1,2,3,0.75,0.125,,,,
Waddell,"Karolina, Amber & Gabby",R,Summer,7/23/2019,July,0,0,0,0,0,0,0,1,1,0,0,0,0,0,0,0,0,0,0,0,0,0,0,0,0,0,0,0,0,0,0,0,0,0,0,0,0,0,0,0,1,1,0.25,0.041666667,,,,
Natural Bridges,"Karolina, Amber & Gabby",U,Summer,7/30/2019,July,1,1,2,0,0,0,0,0,0,2,1,3,0,0,0,0,0,0,0,0,0,0,0,0,0,0,0,0,0,0,0,0,0,0,0,0,0,0,0,3,2,5,1.25,0.208333333,,,,
Seabright,Amber,U,Summer,8/3/2019,August,0,0,0,0,0,0,0,0,0,0,0,0,0,0,0,0,0,0,0,0,0,0,0,0,1,0,1,0,0,0,1,1,2,0,0,0,0,0,0,2,1,3,0.75,0.125,,,,
Seaside,Gabrielle,U,Summer,10-Aug,August,0,0,0,0,2,2,0,0,0,0,0,0,0,0,0,0,0,0,0,0,0,0,0,0,0,0,0,0,0,0,0,0,0,0,0,0,0,0,0,0,2,2,0.5,0.083333333,,,,
Capitola,Christina,U,Summer,8/11/2019,August,0,0,0,0,0,0,0,0,0,0,0,0,0,0,0,0,0,0,0,0,0,0,0,0,0,0,0,0,0,0,0,0,0,0,0,0,0,0,0,0,0,0,0,0,,,,
Del Monte,Alma,U,Summer,8/11/2019,August,0,0,0,0,1,1,0,0,0,1,0,1,0,0,0,0,1,1,0,0,0,0,1,1,0,0,0,0,0,0,0,0,0,0,0,0,0,0,0,1,3,4,1,0.166666667,,,,
Main Beach,Christina,U,Summer,8/11/2019,August,0,1,1,0,0,0,0,0,0,3,0,3,0,1,1,0,0,0,0,0,0,0,0,0,0,1,1,0,0,0,0,0,0,0,0,0,0,0,0,3,3,6,1.5,0.25,,,,
Marina,Amber,U,Summer,8/11/2019,August,0,0,0,0,0,0,0,0,0,4,1,5,0,0,0,0,0,0,0,0,0,0,0,0,0,0,0,0,0,0,0,0,0,0,0,0,0,0,0,4,1,5,1.25,0.208333333,,,,
Sunset,Ana,R,Summer,8/11/2019,August,0,1,1,1,0,1,0,0,0,0,0,0,0,0,0,0,1,1,0,0,0,0,0,0,0,0,0,0,0,0,0,0,0,0,0,0,0,0,0,1,2,3,0.75,0.125,,,,
Zmudowski North,Roxy,R,Summer,8/11/2019,August,2,0,2,0,0,0,0,0,0,0,0,0,0,0,0,0,0,0,0,0,0,0,0,0,0,0,0,0,0,0,0,0,0,0,0,0,0,0,0,2,0,2,0.5,0.083333333,,,,
Live Oak,Draven,U,Summer,8/17/2019,August,2,0,2,0,0,0,0,0,0,0,0,0,0,0,0,0,0,0,0,0,0,0,0,0,0,0,0,0,0,0,0,0,0,0,0,0,0,0,0,2,0,2,0.5,0.083333333,,,,
Zmudowski South,Draven,R,Summer,8/18/2019,August,0,1,1,0,2,2,0,0,0,0,2,2,0,3,3,0,1,1,0,0,0,0,0,0,0,0,0,0,0,0,0,0,0,0,0,0,0,0,0,0,9,9,2.25,0.375,,,,
Natural Bridges,Amber & Gabby,U,Summer,8/21/2019,August,0,1,1,0,0,0,0,1,1,0,0,0,0,1,1,0,1,1,0,0,0,0,0,0,1,0,1,0,0,0,0,0,0,0,0,0,0,0,0,1,4,5,1.25,0.208333333,,,,
Waddell,Amber & Gabby,R,Summer,8/28/2019,August,1,0,1,0,0,0,0,0,0,0,0,0,0,1,1,0,0,0,0,0,0,0,0,0,0,0,0,0,0,0,0,0,0,0,0,0,0,0,0,1,1,2,0.5,0.083333333,,,,
Seabright,Amber & Gabby,U,Summer,9/1/2019,September,0,0,0,0,0,0,0,1,1,0,1,1,0,0,0,0,0,0,0,0,0,0,0,0,0,0,0,0,0,0,0,0,0,0,0,0,0,0,0,0,2,2,0.5,0.083333333,,,,
Capitola,Amber & Gabby,U,Summer,9/6/2019,September,0,0,0,1,0,1,0,0,0,0,0,0,0,0,0,0,0,0,0,0,0,0,0,0,0,0,0,0,0,0,0,0,0,0,0,0,0,0,0,1,0,1,0.25,0.041666667,,,,
Main Beach,Amber,U,Summer,9/8/2019,September,0,0,0,0,0,0,0,0,0,1,0,1,0,0,0,3,0,3,0,0,0,0,0,0,0,0,0,0,0,0,0,0,0,0,0,0,0,0,0,4,0,4,1,0.166666667,,,,
Natural Bridges,Alma,U,Summer,9/8/2019,September,1,4,5,0,1,1,0,0,0,1,1,2,0,0,0,1,0,1,0,1,1,0,0,0,1,1,2,0,0,0,0,0,0,0,0,0,0,1,1,4,9,13,3.25,0.541666667,,,,
Zmudowski South,Andrew & Draven,R,Summer,9/8/2019,September,1,0,1,0,0,0,0,0,0,0,0,0,0,0,0,0,2,2,0,0,0,0,0,0,0,0,0,0,0,0,0,0,0,0,0,0,0,0,0,1,2,3,0.75,0.125,,,,
Live Oak,Amber & Gabby,U,Summer,9/11/2019,September,0,0,0,0,0,0,0,0,0,0,0,0,0,2,2,0,0,0,0,0,0,0,0,0,0,2,2,0,0,0,0,0,0,0,0,0,0,0,0,0,4,4,1,0.166666667,,,,
Del Monte,Roxy & Amber,U,Summer,9/14/2019,September,0,0,0,0,0,0,0,0,0,2,1,3,0,0,0,0,0,0,0,0,0,0,2,2,0,0,0,0,0,0,0,0,0,0,0,0,0,0,0,2,3,5,1.25,0.208333333,,,,
Marina,Gabby,U,Summer,9/14/2019,September,2,0,2,1,4,5,0,2,2,0,0,0,0,1,1,1,0,1,1,0,1,1,0,1,1,0,1,0,0,0,0,0,0,0,0,0,0,0,0,7,7,14,3.5,0.583333333,,,,
Zmudowski North,Amber & Gabby,R,Summer,9/15/2019,September,0,0,0,0,0,0,0,0,0,0,0,0,0,0,0,0,0,0,0,0,0,0,0,0,0,0,0,0,0,0,0,0,0,1,0,1,0,0,0,1,0,1,0.25,0.041666667,,,,
Sunset,Amber & Gabby,R,Summer,9/20/2019,September,1,0,1,0,1,1,0,0,0,1,0,1,0,0,0,0,0,0,0,1,1,0,0,0,0,0,0,0,0,0,0,0,0,0,0,0,0,0,0,2,2,4,1,0.166666667,,,,
Seaside,Amber & Gabby,U,Summer,9/21/2019,September,1,2,3,0,0,0,0,0,0,0,0,0,0,1,1,0,1,1,0,0,0,0,0,0,0,0,0,0,0,0,0,2,2,0,0,0,0,0,0,1,6,7,1.75,0.291666667,,,,
Waddell,Amber & Gabby,R,Summer,9/22/2019,September,0,0,0,0,0,0,0,0,0,0,0,0,0,0,0,0,0,0,0,0,0,0,0,0,0,0,0,0,0,0,0,0,0,0,1,1,0,0,0,0,1,1,0.25,0.041666667,,,,
Natural Bridges,Amber & Gabby,U,Fall,10/5/2019,October,0,0,0,0,0,0,0,0,0,0,0,0,0,0,0,0,2,2,0,1,1,0,0,0,0,0,0,0,0,0,0,0,0,0,1,1,0,0,0,0,4,4,1,0.166666667,,,,
Capitola,Roxanne,U,Fall,10/6/2019,October,0,0,0,0,0,0,0,0,0,0,0,0,0,0,0,0,0,0,0,0,0,0,0,0,0,0,0,0,0,0,0,0,0,0,0,0,0,0,0,0,0,0,0,0,,,,
Main Beach,Gabby,U,Fall,10/6/2019,October,0,0,0,0,0,0,0,0,0,0,0,0,0,0,0,0,0,0,0,0,0,0,0,0,0,0,0,0,0,0,0,0,0,0,0,0,0,0,0,0,0,0,0,0,,,,
Marina,Julissa,U,Fall,10/6/2019,October,0,0,0,0,0,0,0,0,0,0,0,0,0,0,0,0,0,0,0,0,0,0,0,0,0,0,0,0,0,0,0,0,0,0,0,0,0,0,0,0,0,0,0,0,,,,
Seabright,Alma,U,Fall,10/6/2019,October,0,1,1,0,0,0,0,0,0,1,0,1,0,0,0,0,0,0,0,0,0,0,0,0,0,0,0,0,0,0,0,0,0,0,0,0,0,0,0,1,1,2,0.5,0.083333333,,,,
Seaside,Amber,U,Fall,10/6/2019,October,2,0,2,0,0,0,0,0,0,0,0,0,0,1,1,1,0,1,0,0,0,0,0,0,0,0,0,0,0,0,0,0,0,0,0,0,0,0,0,3,1,4,1,0.166666667,,,,
Sunset,Quinn,R,Fall,10/6/2019,October,0,0,0,0,0,0,0,0,0,0,0,0,0,0,0,0,0,0,0,0,0,0,0,0,0,0,0,0,0,0,0,0,0,0,0,0,0,0,0,0,0,0,0,0,,,,
Waddell,Xena,R,Fall,10/6/2019,October,1,0,1,0,0,0,0,0,0,0,0,0,0,0,0,0,0,0,0,0,0,0,0,0,0,0,0,0,0,0,0,0,0,0,0,0,0,0,0,1,0,1,0.25,0.041666667,,,,
Zmudowski North,Andrew,R,Fall,10/6/2019,October,0,1,1,0,0,0,0,0,0,0,0,0,1,0,1,1,0,1,0,1,1,0,0,0,0,1,1,0,0,0,0,0,0,0,0,0,0,0,0,2,3,5,1.25,0.208333333,,,,
Zmudowski South,Christina,R,Fall,10/6/2019,October,0,0,0,0,0,0,0,0,0,0,0,0,0,0,0,0,1,1,1,1,2,0,0,0,0,0,0,0,0,0,0,0,0,0,0,0,0,0,0,1,2,3,0.75,0.125,,,,
Live Oak,Amber & Gabby,U,Fall,10/11/2019,October,0,1,1,0,0,0,0,0,0,0,0,0,0,0,0,0,0,0,0,0,0,0,0,0,0,0,0,0,0,0,0,0,0,0,0,0,0,0,0,0,1,1,0.25,0.041666667,,,,
Del Monte,Amber & Gabby,U,Fall,10/28/2019,October,5,0,5,0,0,0,0,0,0,0,0,0,0,1,1,0,0,0,0,0,0,0,0,0,0,0,0,0,0,0,0,0,0,0,0,0,0,0,0,5,1,6,1.5,0.25,,,,
Main Beach,"Alma
",U,Fall,11/2/2019,November,0,0,0,0,0,0,0,0,0,0,0,0,0,1,1,1,0,1,0,0,0,0,0,0,0,0,0,0,0,0,0,0,0,0,0,0,1,0,1,2,1,3,0.75,0.125,,,,
Natural Bridges,Xena,U,Fall,11/2/2019,November,1,0,1,0,1,1,0,0,0,0,0,0,0,0,0,0,0,0,0,0,0,0,0,0,0,0,0,0,0,0,0,0,0,0,0,0,0,0,0,1,1,2,0.5,0.083333333,,,,
Waddell,Amber&Gabby//Julissa,R,Fall,11/2/2019,November,1,0,1,0,0.5,0.5,0,0.5,0.5,0,0,0,0,0,0,0,1.5,1.5,0,0,0,0.5,0,0.5,0,0,0,0,0,0,0,0,0,0,0,0,0,0,0,1.5,2.5,4,1,0.166666667,,Combined between 2 surveys,,
Marina,Quinn//Xena,U,Fall,11/3/2019,November,0.5,0,0.5,0,0,0,0,0,0,0,0,0,0.5,0,0.5,0,0.5,0.5,0,0,0,0,0,0,0,0,0,0,0,0,0,0,0,0,0,0,0,0,0,1,0.5,1.5,0.375,0.0625,,Combined between 2 surveys,,
Seaside,Christina,U,Fall,11/3/2019,November,0,0,0,0,1,1,0,0,0,0,0,0,0,0,0,0,1,1,0,0,0,0,0,0,0,0,0,0,0,0,0,0,0,0,0,0,0,0,0,0,2,2,0.5,0.083333333,Went south instead of north,,,
Sunset,Julissa,R,Fall,11/3/2019,November,0,0,0,0,0,0,0,0,0,3,0,3,0,0,0,0,0,0,0,0,0,0,0,0,0,0,0,0,0,0,0,0,0,0,0,0,0,0,0,3,0,3,0.75,0.125,,,,
Zmudowski North,Roxanne,R,Fall,11/3/2019,November,0,0,0,0,0,0,0,1,1,0,0,0,0,0,0,0,0,0,0,0,0,0,0,0,0,0,0,0,0,0,0,0,0,0,0,0,0,0,0,0,1,1,0.25,0.041666667,,,,
Zmudowski South,Gabby//Gabby,R,Fall,11/3/2019,November,0,0,0,0,0,0,0,0,0,2.5,5.5,8,0,0,0,0.5,0,0.5,0,0,0,0,0,0,0,0,0,0,0,0,0,0,0,0,0,0,0,0,0,3,5.5,8.5,2.125,0.354166667,,Combined between 2 surveys,,
Capitola,Amber,U,Fall,11/9/2019,November,0,0,0,0,0,0,0,0,0,0,0,0,0,0,0,1,0,1,0,0,0,0,0,0,0,0,0,0,0,0,0,0,0,0,0,0,0,0,0,1,0,1,0.25,0.041666667,,,,
Del Monte,Andrew//Gabby,U,Fall,10-Nov,November,0.5,0,0.5,0,0.5,0.5,0,0,0,0,0.5,0.5,0,2,2,0,0,0,0,0,0,0,0.5,0.5,0,0,0,0,0,0,0,0,0,0,0.5,0.5,0,0,0,0.5,4,4.5,1.125,0.1875,,Combined between 2 surveys,,
Live Oak,Amber & Gabby,U,Fall,11/11/2019,November,0,0,0,0,0,0,0,0,0,0,1,1,0,0,0,0,0,0,0,0,0,0,0,0,0,0,0,0,0,0,0,0,0,0,0,0,0,0,0,0,1,1,0.25,0.041666667,,,,
Seabright,Amber & Gabby,U,Fall,11/22/2019,November,1,0,1,0,0,0,0,0,0,0,0,0,0,0,0,0,0,0,0,0,0,0,0,0,0,0,0,0,0,0,0,0,0,0,0,0,0,0,0,1,0,1,0.25,0.041666667,,,,
Capitola,Christina,U,Fall,12/1/2019,December,0,0,0,0,1,1,0,0,0,1,0,1,0,2,2,0,0,0,0,0,0,0,0,0,0,0,0,0,0,0,0,0,0,0,0,0,0,0,0,1,3,4,1,0.166666667,,,,
Natural Bridges,Quinn,U,Fall,12/1/2019,December,0,0,0,0,2,2,0,2,2,0,4,4,0,0,0,0,0,0,0,0,0,0,0,0,0,0,0,0,0,0,0,0,0,0,0,0,0,0,0,0,8,8,2,0.333333333,,,,
Zmudowski North,Alma,R,Fall,12/7/2019,December,10,1,11,0,2,2,0,1,1,13,1,14,0,3,3,0,0,0,0,0,0,0,0,0,0,0,0,0,0,0,0,0,0,0,0,0,0,0,0,23,8,31,7.75,1.291666667,,,,
Main Beach,Andrew,U,Fall,12/8/2019,December,0,0,0,0,0,0,0,0,0,1,0,1,0,0,0,0,0,0,0,0,0,0,0,0,0,0,0,0,0,0,0,0,0,0,0,0,0,0,0,1,0,1,0.25,0.041666667,,,,
Seaside,Roxy,U,Fall,12/14/2019,December,2,5,7,0,0,0,0,0,0,0,0,0,0,0,0,0,1,1,0,0,0,0,0,0,0,0,0,0,0,0,0,0,0,0,0,0,0,0,0,2,6,8,2,0.333333333,,,,
Live Oak,Amber,U,Fall,12/22/2019,December,16,0,16,0,0,0,0,0,0,6,0,6,0,0,0,0,0,0,0,0,0,0,0,0,0,0,0,4,0,4,0,0,0,0,0,0,1,0,1,27,0,27,6.75,1.125,,,,
Sunset,Amber & Gabby,R,Fall,12/30/2019,December,14,8,22,0,3,3,0,0,0,5,0,5,0,2,2,0,0,0,0,0,0,0,0,0,0,0,0,1,0,1,0,0,0,0,0,0,0,0,0,20,13,33,8.25,1.375,,,,
Seabright,Amber & Gabby,U,Winter,1/7/2020,January,1,0,1,0,0,0,0,0,0,0,0,0,0,0,0,0,0,0,0,0,0,0,0,0,0,0,0,0,0,0,0,0,0,0,0,0,0,0,0,1,0,1,0.25,0.041666667,Survey completed late - so only 2 fall surveys for 2019 & 4 winter for 2020.,,,
Capitola,Gabby,U,Winter,1/17/2020,January,0,0,0,0,0,0,0,0,0,2,0,2,0,1,1,0,0,0,0,0,0,0,0,0,0,0,0,0,0,0,0,0,0,0,0,0,0,0,0,2,1,3,0.75,0.125,,,,
Zmudowski South,Training,R,Winter,1/18/2020,January,18,2,20,0,0,0,0,0,0,1,0,1,0,0,0,0,0,0,0,1,1,0,0,0,0,0,0,0,0,0,0,0,0,0,1,1,0,0,0,19,4,23,5.75,0.958333333,,,,
Del Monte,Christina,U,Winter,1/19/2020,January,11,0,11,0,0,0,0,0,0,0,0,0,0,0,0,0,0,0,0,0,0,1,0,1,0,0,0,0,0,0,0,0,0,0,0,0,0,0,0,12,0,12,3,0.5,,,,
Main Beach,Quinn,U,Winter,1/19/2020,January,1,0,1,1,2,3,0,0,0,0,0,0,15,0,15,1,0,1,0,3,3,0,0,0,0,0,0,0,0,0,0,0,0,0,0,0,0,0,0,18,5,23,5.75,0.958333333,,,,
Marina,Faith & Julissa,U,Winter,1/19/2020,January,1,0,1,0,0,0,0,0,0,0,0,0,0,0,0,0,0,0,0,0,0,0,0,0,0,0,0,0,0,0,0,0,0,0,0,0,0,0,0,1,0,1,0.25,0.041666667,,,,
Natural Bridges,Andrew,U,Winter,1/19/2020,January,0,0,0,0,0,0,0,0,0,0,0,0,0,0,0,0,0,0,0,0,0,0,0,0,0,0,0,0,0,0,0,0,0,0,0,0,0,0,0,0,0,0,0,0,,,,
Seaside,Gabby & Jasmine,U,Winter,1/19/2020,January,0,0,0,0,0,0,0,1,1,0,0,0,0,0,0,0,0,0,0,0,0,0,0,0,0,0,0,0,0,0,0,0,0,0,0,0,0,0,0,0,1,1,0.25,0.041666667,,,,
Sunset,Archi,R,Winter,1/19/2020,January,0,0,0,0,0,0,0,0,0,0,0,0,0,0,0,0,0,0,0,0,0,0,0,0,0,0,0,0,0,0,0,0,0,0,0,0,0,0,0,0,0,0,0,0,,,,
Zmudowski North,Amber,R,Winter,1/19/2020,January,2,1,3,0,0,0,0,0,0,0,0,0,0,0,0,1,0,1,0,0,0,0,0,0,1,0,1,0,0,0,0,0,0,0,0,0,0,0,0,4,1,5,1.25,0.208333333,,,,
Live Oak,Amber & Bianca,U,Winter,1/24/2020,January,0,0,0,0,0,0,0,0,0,3,0,3,0,0,0,0,0,0,0,0,0,0,0,0,0,0,0,0,0,0,0,0,0,0,0,0,0,0,0,3,0,3,0.75,0.125,,,,
Seabright,Amber//Amber,U,Winter,2/1/2020,February ,0.5,0.5,1,0,0,0,0,0,0,0.5,0,0.5,0,0,0,0,0,0,0,0,0,1.5,1,2.5,0,0,0,0,0,0,0,0,0,0,0,0,0,0,0,2.5,1.5,4,1,0.166666667,,Combined between 2 surveys,,
Live Oak,Amber & Gabby,U,Winter,2/13/2020,February,1,1,2,0,0,0,0,0,0,0,0,0,0,0,0,0,0,0,0,0,0,0,0,0,0,0,0,0,0,0,0,0,0,0,0,0,0,0,0,1,1,2,0.5,0.083333333,,,,
Main Beach,Xena,U,Winter,2/15/2020,February,1,0,1,0,0,0,0,0,0,0,6,6,2,0,2,3,1,4,0,0,0,0,0,0,0,0,0,0,0,0,0,0,0,0,0,0,0,0,0,6,7,13,3.25,0.541666667,,,,
Natural Bridges,Christina,U,Winter,2/15/2020,February,2,0,2,0,1,1,0,0,0,0,0,0,0,0,0,0,0,0,0,0,0,0,0,0,0,0,0,0,0,0,0,0,0,0,0,0,0,0,0,2,1,3,0.75,0.125,,,,
Del Monte,Archi,U,Winter,2/16/2020,February,0,0,0,0,0,0,0,0,0,0,0,0,0,0,0,0,0,0,0,0,0,0,0,0,0,0,0,0,0,0,0,0,0,0,0,0,0,0,0,0,0,0,0,0,Did wrong area - between Del Monte & Seasdie..,,,
Marina,Andrew,U,Winter,2/16/2020,February,0,2,2,0,0,0,0,1,1,0,0,0,0,0,0,0,0,0,0,0,0,0,0,0,0,0,0,0,0,0,0,0,0,0,0,0,0,0,0,0,3,3,0.75,0.125,,,,
Seaside,Quinn,U,Winter,2/16/2020,February,0,0,0,0,0,0,0,0,0,0,0,0,0,0,0,0,0,0,0,0,0,0,0,0,0,0,0,0,0,0,0,0,0,0,0,0,0,0,0,0,0,0,0,0,,,,
Zmudowski North,Jasmine,R,Winter,2/16/2020,February,0,0,0,0,0,0,0,0,0,0,0,0,0,0,0,0,0,0,0,0,0,0,0,0,0,0,0,0,0,0,0,0,0,0,0,0,0,0,0,0,0,0,0,0,,,,
Zmudowski South,Julissa,R,Winter,2/16/2020,February,0,1,1,0,0,0,0,0,0,0,0,0,0,0,0,0,0,0,0,0,0,0,0,0,0,0,0,0,0,0,0,0,0,0,0,0,0,0,0,0,1,1,0.25,0.041666667,,,,
Waddell,"Amber, Gavin, & Binaca",R,Winter,2/21/2020,February,0,0,0,0,0,0,0,0,0,0,0,0,0,0,0,0,0,0,0,0,0,0,0,0,0,0,0,0,0,0,0,1,1,0,0,0,0,0,0,0,1,1,0.25,0.041666667,,,,
Capitola,Amber & Gavin,U,Winter,2/23/2020,February,3,2,5,0,0,0,0,0,0,0,0,0,0,0,0,0,1,1,0,0,0,0,0,0,0,0,0,0,0,0,0,0,0,0,1,1,0,0,0,3,4,7,1.75,0.291666667,,,,
Live Oak,"Amber, Gavin, Megan",U,Winter,3/9/2020,March,0,0,0,0,2,2,0,0,0,0,0,0,0,0,0,0,0,0,0,0,0,4,0,4,0,0,0,0,0,0,0,0,0,0,0,0,0,0,0,4,2,6,1.5,0.25,,,,
Main Beach,"Amber, Gavin, Megan",U,Winter,3/12/2020,March,0,0,0,0,0,0,0,0,0,0,0,0,0,0,0,0,0,0,0,0,0,0,0,0,0,0,0,0,0,0,0,0,0,0,0,0,0,0,0,0,0,0,0,0,,,,
Natural Bridges,"Amber, Gavin, Megan",U,Winter,3/12/2020,March,1,0,1,0,0,0,0,0,0,2,0,2,0,0,0,0,0,0,0,1,1,0,0,0,0,1,1,0,0,0,0,0,0,0,0,0,0,0,0,3,2,5,1.25,0.208333333,,,,
Waddell,"Amber, Gavin, Megan",R,Winter,3/12/2020,March,1,0,1,0,0,0,0,0,0,2,0,2,0,0,0,0,0,0,0,0,0,0,0,0,0,0,0,0,0,0,0,0,0,0,0,0,0,0,0,3,0,3,0.75,0.125,,,,
Seabright,"Amber, Gavin",U,Winter,3/13/2020,March,1,1,2,0,0,0,0,0,0,0,0,0,0,0,0,0,1,1,0,0,0,13,3,16,0,0,0,0,0,0,0,0,0,0,0,0,0,0,0,14,5,19,4.75,0.791666667,,,,
Sunset,"Gavin, Jasmine",R,Winter,3/14/2020,March,0,0,0,0,0,0,0,0,0,0,0,0,0,0,0,0,1,1,0,0,0,0,0,0,0,0,0,0,0,0,0,0,0,0,0,0,0,0,0,0,1,1,0.25,0.041666667,,,,
Natural Bridges,Amber & Gavin,U,Spring,4/21/2020,April,0,0,0,0,0,0,0,0,0,0,0,0,0,0,0,0,0,0,0,0,0,0,0,0,0,0,0,0,0,0,0,0,0,0,0,0,0,0,0,0,0,0,0,0,,,,
Waddell,Amber & Gavin,R,Spring,4/21/2020,April,0,0,0,0,0,0,0,0,0,0,0,0,0,0,0,0,0,0,0,0,0,0,0,0,0,0,0,0,0,0,0,0,0,0,0,0,0,0,0,0,0,0,0,0,,,,
Capitola,Amber & Gavin,U,Spring,4/22/2020,April,0,1,1,0,1,1,0,0,0,0,0,0,0,0,0,0,0,0,1,2,3,0,1,1,0,0,0,0,0,0,0,0,0,0,0,0,0,0,0,1,5,6,1.5,0.25,,,,
Sunset,Amber & Gavin,R,Spring,4/22/2020,April,1,0,1,0,0,0,0,0,0,1,0,1,0,0,0,0,0,0,0,0,0,0,0,0,0,0,0,0,0,0,0,0,0,0,0,0,0,0,0,2,0,2,0.5,0.083333333,,,,
Del Monte,Amber & Gavin,U,Spring,4/23/2020,April,0,0,0,0,0,0,0,0,0,0,0,0,0,0,0,0,0,0,0,0,0,2,1,3,0,0,0,0,0,0,0,0,0,0,0,0,0,0,0,2,1,3,0.75,0.125,,,,
Main Beach,Amber & Gavin,U,Spring,4/24/2020,April,0,0,0,0,0,0,0,0,0,0,0,0,0,1,1,0,1,1,0,0,0,0,0,0,0,0,0,0,0,0,0,0,0,0,0,0,0,0,0,0,2,2,0.5,0.083333333,,,,
Seabright,Amber & Gavin,U,Spring,4/24/2020,April,0,1,1,0,0,0,0,0,0,0,0,0,0,0,0,0,0,0,0,0,0,0,0,0,0,0,0,0,0,0,0,0,0,0,0,0,0,0,0,0,1,1,0.25,0.041666667,,,,
Live Oak,Amber & Gavin,U,Spring,4/25/2020,April,0,0,0,0,0,0,0,1,1,1,0,1,0,0,0,0,0,0,0,0,0,0,0,0,0,0,0,0,0,0,0,0,0,0,0,0,0,0,0,1,1,2,0.5,0.083333333,,,,
Zmudowski North,Amber & Gavin,R,Spring,4/27/2020,April,2,0,2,0,0,0,0,1,1,0,0,0,0,0,0,0,0,0,0,,0,0,0,0,0,0,0,0,0,0,0,0,0,0,0,0,0,0,0,2,1,3,0.75,0.125,,,,
Zmudowski South,Amber & Gavin,R,Spring,4/27/2020,April,3,1,4,1,0,1,0,0,0,0,0,0,0,0,0,0,0,0,0,0,0,0,0,0,0,0,0,0,0,0,0,0,0,0,0,0,0,0,0,4,1,5,1.25,0.208333333,,,,
Marina,Amber & Gavin,U,Spring,4/28/2020,April,0,0,0,0,0,0,0,0,0,3,1,4,0,0,0,0,1,1,0,0,0,0,0,0,0,0,0,0,0,0,0,0,0,0,0,0,0,1,1,3,3,6,1.5,0.25,other: gum,,,
Seaside,Amber & Gavin,U,Spring,4/28/2020,April,1,3,4,0,0,0,0,0,0,1,1,2,0,0,0,0,0,0,0,0,0,0,0,0,0,0,0,2,0,2,0,0,0,0,0,0,0,0,0,4,4,8,2,0.333333333,,,,
Capitola,Amber & Gavin,U,Spring,5/11/2020,May,0,2,2,0,0,0,0,0,0,1,0,1,0,0,0,0,0,0,0,0,0,1,0,1,0,0,0,0,0,0,0,0,0,0,0,0,0,0,0,2,2,4,1,0.166666667,,,,
Natural Bridges,Amber & Gavin,U,Spring,5/14/2020,May,1,0,1,0,0,0,0,0,0,1,0,1,0,0,0,0,2,2,0,0,0,0,0,0,0,0,0,0,0,0,0,0,0,0,0,0,0,0,0,2,2,4,1,0.166666667,,,,
Del Monte,Amber & Gavin,U,Spring,5/15/2020,May,0,0,0,0,0,0,0,0,0,0,0,0,0,0,0,1,0,1,0,0,0,0,0,0,0,0,0,0,0,0,0,0,0,0,0,0,0,0,0,1,0,1,0.25,0.041666667,,,,
Seabright,Amber & Gavin,U,Spring,5/15/2020,May,0,0,0,0,0,0,0,0,0,1,0,1,0,0,0,0,0,0,0,1,1,0,0,0,0,0,0,0,0,0,0,0,0,0,0,0,0,0,0,1,1,2,0.5,0.083333333,,,,
Waddell,Amber & Gavin,R,Spring,5/15/2020,May,0,0,0,0,0,0,0,0,0,0,0,0,0,0,0,0,0,0,0,0,0,0,0,0,0,0,0,0,0,0,0,0,0,0,0,0,0,0,0,0,0,0,0,0,,,,
Live Oak,Amber & Gavin,U,Spring,5/19/2020,May,1,3,4,0,0,0,0,0,0,0,0,0,0,0,0,0,0,0,0,0,0,0,0,0,0,0,0,0,0,0,0,0,0,0,0,0,0,0,0,1,3,4,1,0.166666667,,,,
Seaside,Amber & Gavin,U,Spring,5/20/2020,May,0,0,0,0,0,0,0,0,0,0,0,0,0,0,0,0,0,0,0,0,0,0,0,0,0,0,0,0,0,0,0,0,0,0,0,0,0,0,0,0,0,0,0,0,,,,
Zmudowski North,Amber & Gavin,R,Spring,5/21/2020,May,0,1,1,0,0,0,0,0,0,0,0,0,0,0,0,0,0,0,0,0,0,0,0,0,0,0,0,0,0,0,0,0,0,0,0,0,0,0,0,0,1,1,0.25,0.041666667,,,,
Zmudowski South,Amber & Gavin,R,Spring,5/21/2020,May,1,0,1,0,1,1,0,0,0,0,0,0,0,0,0,0,1,1,0,0,0,0,0,0,0,0,0,0,0,0,0,0,0,0,0,0,0,0,0,1,2,3,0.75,0.125,,,,
Marina,Amber & Gavin,U,Spring,5/23/2020,May,0,0,0,0,0,0,0,0,0,1,0,1,0,1,1,0,0,0,0,0,0,0,0,0,0,0,0,0,0,0,0,0,0,0,0,0,0,0,0,1,1,2,0.5,0.083333333,,,,
Main Beach,Amber & Gavin,U,Spring,5/26/2020,May,0,2,2,0,0,0,0,1,1,1,0,1,0,2,2,0,1,1,0,0,0,0,0,0,0,0,0,0,0,0,0,0,0,0,0,0,0,0,0,1,6,7,1.75,0.291666667,,,,
Sunset,Amber & Gavin,R,Spring,5/26/2020,May,0,0,0,0,0,0,0,0,0,0,0,0,0,0,0,0,0,0,0,0,0,0,0,0,0,0,0,0,0,0,0,0,0,0,0,0,0,0,0,0,0,0,0,0,,,,
Natural Bridges,Amber & Gavin,U,Spring,6/11/2020,June,0,0,0,0,0,0,0,0,0,0,0,0,0,0,0,0,0,0,0,0,0,3,0,3,0,0,0,0,0,0,0,0,0,0,0,0,0,0,0,3,0,3,0.75,0.125,,,,
Waddell,Amber & Gavin,R,Spring,6/11/2020,June,0,0,0,0,0,0,0,0,0,0,0,0,0,0,0,0,0,0,0,0,0,0,0,0,0,0,0,0,0,0,0,0,0,0,0,0,0,0,0,0,0,0,0,0,,,,
Live Oak,"Amber, Gavin, Jasmine",U,Spring,6/12/2020,June,0,0,0,0,0,0,0,0,0,0,0,0,0,0,0,0,0,0,0,0,0,0,0,0,0,0,0,0,0,0,0,0,0,0,0,0,0,0,0,0,0,0,0,0,,,,
Seabright,"Amber, Gavin, Jasmine",U,Spring,6/12/2020,June,0,0,0,0,0,0,0,0,0,1,0,1,0,0,0,0,0,0,0,0,0,0,0,0,0,0,0,0,0,0,0,0,0,0,0,0,0,0,0,1,0,1,0.25,0.041666667,,,,
Seaside,Amber & Gavin,U,Spring,6/12/2020,June,1,2,3,0,0,0,0,0,0,0,0,0,0,0,0,0,0,0,0,1,1,0,0,0,0,0,0,0,0,0,0,0,0,0,1,1,0,0,0,1,4,5,1.25,0.208333333,,,,
Zmudowski North,Amber & Gavin,R,Spring,6/16/2020,June,0,2,2,0,0,0,0,0,0,0,0,0,0,0,0,0,0,0,0,0,0,1,0,1,0,0,0,0,0,0,0,1,1,0,0,0,0,0,0,1,3,4,1,0.166666667,,,,
Zmudowski South,Amber & Gavin,R,Spring,6/16/2020,June,0,0,0,0,0,0,0,0,0,0,0,0,0,0,0,0,0,0,0,0,0,0,0,0,0,0,0,0,0,0,0,0,0,0,0,0,0,0,0,0,0,0,0,0,,,,
Sunset,Amber & Gavin,R,Spring,6/17/2020,June,1,0,1,0,0,0,0,0,0,0,0,0,0,0,0,0,0,0,0,0,0,0,0,0,0,0,0,0,0,0,0,0,0,0,1,1,0,0,0,1,1,2,0.5,0.083333333,,,,
Main Beach,Amber & Gavin,U,Spring,6/23/2020,June,0,0,0,0,1,1,0,0,0,2,0,2,0,1,1,0,0,0,0,0,0,0,0,0,2,0,2,0,0,0,0,1,1,0,0,0,0,0,0,4,3,7,1.75,0.291666667,,,,
Del Monte,Amber & Gavin,U,Spring,6/24/2020,June,0,0,0,0,0,0,0,0,0,7,0,7,0,0,0,1,5,6,0,0,0,1,1,2,0,1,1,0,0,0,0,0,0,0,1,1,0,1,1,9,9,18,4.5,0.75,other item was brick,,,
Capitola,Amber & Gavin,U,Spring,6/25/2020,June,1,1,2,0,0,0,0,0,0,0,0,0,0,0,0,0,0,0,0,0,0,0,0,0,0,0,0,0,0,0,0,0,0,0,0,0,0,0,0,1,1,2,0.5,0.083333333,sand combed over with large machinery recently ,,,
Marina,Amber & Gavin,U,Spring,6/25/2020,June,0,1,1,1,1,2,0,0,0,0,0,0,0,0,0,0,0,0,0,0,0,0,0,0,0,0,0,0,0,0,0,0,0,0,0,0,0,1,1,1,3,4,1,0.166666667,other item was brick,,,
Natural Bridges,Amber & Gavin,U,Summer,7/9/2020,July,2,0,2,0,0,0,0,0,0,0,0,0,0,0,0,1,1,2,0,0,0,0,0,0,0,0,0,0,0,0,0,0,0,0,0,0,0,0,0,3,1,4,1,0.166666667,,,,
Waddell,Amber & Gavin,R,Summer,7/9/2020,July,0,0,0,0,0,0,0,0,0,0,0,0,0,0,0,0,0,0,0,0,0,0,0,0,0,0,0,0,0,0,0,0,0,0,0,0,0,0,0,0,0,0,0,0,,,,
Zmudowski North,Amber & Gavin,R,Summer,7/13/2020,July,1,3,4,0,1,1,0,1,1,0,0,0,0,0,0,0,6,6,0,0,0,0,0,0,0,0,0,0,0,0,0,0,0,0,0,0,0,0,0,1,11,12,3,0.5,,,,
Zmudowski South,Amber & Gavin,R,Summer,7/13/2020,July,1,0,1,0,0,0,0,0,0,0,0,0,0,0,0,0,8,8,0,0,0,0,0,0,0,0,0,0,0,0,0,0,0,0,0,0,0,0,0,1,8,9,2.25,0.375,,,,
Live Oak,Amber & Gavin,U,Summer,7/15/2020,July,0,0,0,0,2,2,0,0,0,0,0,0,0,0,0,0,0,0,0,1,1,1,0,1,0,0,0,0,0,0,0,0,0,0,0,0,0,0,0,1,3,4,1,0.166666667,,,,
Sunset,Amber & Gavin,R,Summer,7/15/2020,July,0,1,1,0,0,0,0,0,0,0,0,0,0,0,0,0,0,0,0,0,0,0,0,0,0,0,0,0,0,0,0,0,0,0,0,0,0,0,0,0,1,1,0.25,0.041666667,,,,
Del Monte,Amber & Gavin,U,Summer,7/17/2020,July,1,1,2,0,0,0,0,0,0,0,0,0,0,0,0,0,1,1,0,0,0,0,0,0,0,0,0,0,0,0,0,0,0,0,0,0,0,0,0,1,2,3,0.75,0.125,,,,
Main Beach,Amber & Gavin,U,Summer,7/21/2020,July,1,2,3,0,0,0,0,0,0,0,0,0,0,1,1,0,1,1,0,0,0,0,0,0,0,0,0,0,0,0,0,0,0,0,0,0,0,0,0,1,4,5,1.25,0.208333333,,,,
Capitola,Amber & Gavin,U,Summer,7/22/2020,July,0,0,0,0,0,0,0,0,0,0,0,0,0,0,0,0,0,0,0,0,0,0,0,0,0,0,0,0,0,0,0,0,0,0,0,0,0,0,0,0,0,0,0,0,,,,
Seabright,Amber & Gavin,U,Summer,7/22/2020,July,0,3,3,0,0,0,0,0,0,0,0,0,0,1,1,0,0,0,0,1,1,1,1,2,0,0,0,0,0,0,0,0,0,0,0,0,0,0,0,1,6,7,1.75,0.291666667,,,,
Marina,Amber & Gavin,U,Summer,7/23/2020,July,0,2,2,0,0,0,0,0,0,0,0,0,0,3,3,0,0,0,0,0,0,0,0,0,0,0,0,0,0,0,0,1,1,0,0,0,0,0,0,0,6,6,1.5,0.25,,,,
Seaside,Amber & Gavin,U,Summer,7/23/2020,July,0,0,0,0,0,0,0,0,0,0,0,0,0,0,0,0,0,0,0,0,0,2,0,2,0,0,0,0,0,0,0,0,0,0,0,0,0,0,0,2,0,2,0.5,0.083333333,,,,
Capitola,Amber & Gavin,U,Summer,8/12/2020,August,1,2,3,0,3,3,0,0,0,7,0,7,0,1,1,0,0,0,0,0,0,0,0,0,0,0,0,0,0,0,0,0,0,0,0,0,0,0,0,8,6,14,3.5,0.583333333,,,,
Natural Bridges,Amber & Gavin,U,Summer,8/12/2020,August,0,1,1,0,0,0,0,0,0,0,0,0,0,0,0,0,0,0,0,0,0,0,0,0,0,0,0,0,0,0,0,0,0,0,0,0,0,0,0,0,1,1,0.25,0.041666667,,,,
Live Oak,Amber & Gavin,U,Summer,8/13/2020,August,0,0,0,0,0,0,0,0,0,0,0,0,0,0,0,0,1,1,0,0,0,2,0,2,0,0,0,0,0,0,0,0,0,0,0,0,0,0,0,2,1,3,0.75,0.125,,,,
Seabright,Amber & Gavin,U,Summer,8/13/2020,August,2,1,3,0,2,2,0,0,0,0,0,0,0,0,0,0,0,0,0,0,0,1,0,1,0,0,0,0,0,0,0,0,0,0,0,0,0,0,0,3,3,6,1.5,0.25,,,,
Main Beach,Amber & Gavin,U,Summer,8/14/2020,August,11,1,12,0,4,4,0,0,0,43,0,43,0,3,3,1,2,3,0,0,0,0,0,0,0,0,0,0,0,0,1,2,3,0,0,0,0,0,0,56,12,68,17,2.833333333,,,,
Sunset,Amber & Gavin,R,Summer,8/17/2020,August,0,0,0,0,3,3,0,0,0,1,1,2,0,0,0,0,0,0,0,0,0,0,0,0,0,0,0,0,0,0,0,0,0,0,0,0,0,0,0,1,4,5,1.25,0.208333333,,,,
Zmudowski North,Amber & Gavin,R,Summer,8/17/2020,August,0,0,0,0,2,2,0,1,1,0,0,0,0,0,0,1,1,2,0,1,1,0,0,0,0,1,1,0,0,0,0,0,0,0,0,0,0,0,0,1,6,7,1.75,0.291666667,,,,
Zmudowski South,Amber & Gavin,R,Summer,8/17/2020,August,1,1,2,0,0,0,0,0,0,0,0,0,0,0,0,0,2,2,0,3,3,0,0,0,0,0,0,0,0,0,0,0,0,0,0,0,0,0,0,1,6,7,1.75,0.291666667,,,,
Marina,Amber & Gavin,U,Summer,8/18/2020,August,0,0,0,0,0,0,0,0,0,0,0,0,0,2,2,0,1,1,0,1,1,0,0,0,0,0,0,0,0,0,0,0,0,0,0,0,0,0,0,0,4,4,1,0.166666667,,,,
Seaside,Amber & Gavin,U,Summer,8/18/2020,August,2,1,3,0,0,0,0,0,0,0,0,0,0,0,0,0,0,0,0,0,0,0,0,0,0,0,0,0,0,0,0,0,0,0,0,0,0,0,0,2,1,3,0.75,0.125,,,,
Waddell,Amber & Emily,R,Summer,9/10/2020,September,0,0,0,0,1,1,0,0,0,0,0,0,0,0,0,0,0,0,0,1,1,0,0,0,0,0,0,0,0,0,0,0,0,0,0,0,0,0,0,0,2,2,0.5,0.083333333,,,,
Del Monte,Amber & Emily,U,Summer,9/21/2020,September,0,0,0,0,1,1,0,0,0,2,1,3,0,2,2,0,0,0,0,0,0,0,1,1,0,1,1,0,0,0,0,1,1,0,0,0,0,0,0,2,7,9,2.25,0.375,,,,
Capitola,Amber & Emily,U,Fall,10/5/2020,October,0,0,0,0,1,1,0,0,0,0,0,0,0,0,0,0,0,0,0,0,0,0,0,0,0,0,0,0,0,0,0,0,0,0,0,0,0,0,0,0,1,1,0.25,0.041666667,,,,
Live Oak,Amber & Emily,U,Fall,10/5/2020,October,0,0,0,0,0,0,0,0,0,0,1,1,0,0,0,0,0,0,0,0,0,0,0,0,0,0,0,0,0,0,0,0,0,0,0,0,0,0,0,0,1,1,0.25,0.041666667,,,,
Zmudowski North,Amber & Emily,R,Fall,10/7/2020,October,0,0,0,0,1,1,0,0,0,0,1,1,0,0,0,0,1,1,0,0,0,0,0,0,0,0,0,0,0,0,0,0,0,0,0,0,0,0,0,0,3,3,0.75,0.125,,,,
Zmudowski South,Amber & Emily,R,Fall,10/7/2020,October,1,0,1,0,1,1,0,0,0,3,1,4,0,2,2,0,1,1,0,0,0,0,0,0,0,0,0,0,0,0,0,1,1,0,0,0,0,0,0,4,6,10,2.5,0.416666667,,,,
Seabright,Amber & Emily,U,Fall,10/12/2020,October,2,0,2,0,0,0,0,0,0,2,0,2,1,0,1,0,2,2,0,0,0,0,0,0,0,0,0,0,0,0,0,0,0,0,0,0,0,0,0,5,2,7,1.75,0.291666667,,,,
Sunset,Amber & Emily,R,Fall,10/12/2020,October,0,0,0,0,0,0,0,0,0,0,0,0,0,0,0,0,0,0,0,0,0,0,0,0,0,0,0,0,0,0,0,0,0,0,0,0,0,0,0,0,0,0,0,0,,,,
Marina,Amber & Emily,U,Fall,10/14/2020,October,0,1,1,0,0,0,0,0,0,0,0,0,0,0,0,0,0,0,0,1,1,0,0,0,0,0,0,0,0,0,0,0,0,0,0,0,0,0,0,0,2,2,0.5,0.083333333,,,,
Seaside,Amber & Emily,U,Fall,10/14/2020,October,0,0,0,1,0,1,0,0,0,0,0,0,0,0,0,0,0,0,0,0,0,0,0,0,1,0,1,0,0,0,0,0,0,0,0,0,0,0,0,2,0,2,0.5,0.083333333,,,,
Main Beach,Amber & Emily,U,Fall,10/19/2020,October,0,1,1,0,2,2,0,0,0,2,0,2,0,2,2,0,1,1,0,1,1,0,0,0,0,1,1,0,0,0,1,0,1,0,0,0,0,0,0,3,8,11,2.75,0.458333333,,,,
Del Monte,Amber & Emily,U,Fall,10/21/2020,October,0,4,4,1,3,4,1,2,3,0,0,0,0,4,4,2,0,2,2,1,3,0,0,0,0,0,0,0,0,0,0,0,0,0,0,0,0,1,1,6,15,21,5.25,0.875,Other - ceramic,,,
Natural Bridges,Amber & Emily,U,Fall,10/22/2020,October,2,0,2,1,3,4,0,0,0,1,1,2,0,1,1,0,0,0,0,0,0,0,0,0,0,0,0,0,0,0,0,0,0,0,0,0,0,0,0,4,5,9,2.25,0.375,,,,
Waddell,Amber & Emily,R,Fall,10/22/2020,October,0,0,0,0,2,2,0,0,0,0,2,2,0,0,0,0,0,0,0,0,0,0,0,0,0,0,0,0,0,0,0,0,0,0,0,0,0,0,0,0,4,4,1,0.166666667,,,,
Zmudowski North,Amber & Emily,R,Fall,11/2/2020,November,0,0,0,0,0,0,0,1,1,0,0,0,0,0,0,0,0,0,0,0,0,0,0,0,0,0,0,0,0,0,0,0,0,0,0,0,0,0,0,0,1,1,0.25,0.041666667,,,,
Zmudowski South,Amber & Emily,R,Fall,11/2/2020,November,1,1,2,0,0,0,0,0,0,0,0,0,0,0,0,0,1,1,0,0,0,0,0,0,0,0,0,0,0,0,0,0,0,0,0,0,0,0,0,1,2,3,0.75,0.125,,,,
Capitola,Amber & Emily,U,Fall,11/4/2020,November,0,1,1,0,0,0,0,0,0,2,1,3,0,0,0,0,0,0,0,1,1,0,0,0,0,0,0,0,0,0,0,0,0,0,0,0,0,0,0,2,3,5,1.25,0.208333333,,,,
